,Unnamed: 0,Unnamed: 0.1,time_point,area,aqi,quality,primary_pollutant,pm2_5,pm2_5_24h,pm10,pm10_24h,co,co_24h,no2,no2_24h,o3,o3_24h,o3_8h,o3_8h_24h,so2,so2_24h,province
0,0,0,2018-09-07T09:00:00Z,七台河,19.0,优,,10.0,9.0,18.0,25.0,0.3,0.3,11.0,16.0,31.0,85.0,22.0,27.0,6.0,6.0,黑龙江省
1,1,1,2018-09-07T09:00:00Z,三亚,32.0,优,,9.0,7.0,31.0,20.0,0.45,0.45,11.0,9.0,30.0,65.0,19.0,34.0,6.0,5.0,海南省
2,2,2,2018-09-07T09:00:00Z,三明,44.0,优,,26.0,24.0,43.0,38.0,1.1,1.325,20.0,19.0,37.0,136.0,37.0,55.0,18.0,14.0,福建省
3,3,3,2017-01-04T10:00:00Z,三沙,30.0,优,,7.0,6.0,20.0,23.0,0.3,1.2,30.0,40.0,51.0,45.0,58.0,58.0,6.0,49.0,海南省
4,4,4,2018-09-07T09:00:00Z,三门峡,43.0,优,,8.0,10.0,42.0,57.0,0.625,0.525,29.0,26.0,33.0,128.0,40.0,68.0,10.0,7.0,河南省
5,5,5,2018-09-07T09:00:00Z,上海,94.0,良,颗粒物(PM2.5),70.0,62.0,73.0,84.0,1.378,1.089,70.0,36.0,33.0,230.0,54.0,100.0,10.0,11.0,上海
6,6,6,2018-09-07T09:00:00Z,上饶,75.0,良,颗粒物(PM2.5),54.0,48.0,86.0,81.0,0.8,0.8,14.0,13.0,77.0,162.0,65.0,68.0,18.0,24.0,江西省
7,7,7,2018-09-07T09:00:00Z,东莞,66.0,良,颗粒物(PM2.5),47.0,33.0,62.0,49.0,0.8,0.6,51.0,36.0,28.0,208.0,17.0,44.0,12.0,8.0,广东省
8,8,8,2018-09-07T09:00:00Z,东营,56.0,良,颗粒物(PM10),23.0,13.0,60.0,57.0,0.525,0.375,32.0,22.0,54.0,150.0,41.0,48.0,18.0,13.0,山东省
9,9,9,2018-09-07T09:00:00Z,中卫,54.0,良,颗粒物(PM10),20.0,14.0,55.0,45.0,0.65,0.5,25.0,22.0,21.0,85.0,9.0,20.0,17.0,12.0,宁夏回族自治区
10,10,10,2018-09-07T09:00:00Z,中山,48.0,优,,29.0,16.0,47.0,27.0,0.85,0.675,22.0,13.0,54.0,116.0,41.0,65.0,8.0,4.0,广东省
11,11,11,2018-09-07T09:00:00Z,临夏州,60.0,良,颗粒物(PM10),25.0,24.0,67.0,61.0,1.05,0.7,18.0,14.0,19.0,114.0,27.0,56.0,16.0,18.0,甘肃省
12,12,12,2018-09-07T09:00:00Z,临安,46.0,优,,32.0,62.0,0.0,94.0,0.9,1.0,20.0,14.0,73.0,149.0,72.0,91.0,1.0,4.0,浙江省
13,13,13,2018-09-07T09:00:00Z,临汾,57.0,良,颗粒物(PM10),29.0,23.0,62.0,56.0,1.188,0.975,22.0,17.0,68.0,114.0,55.0,70.0,23.0,18.0,山西省
14,14,14,2018-09-07T09:00:00Z,临沂,70.0,良,颗粒物(PM10),17.0,22.0,88.0,74.0,0.675,0.55,31.0,28.0,51.0,180.0,39.0,80.0,19.0,14.0,山东省
15,15,15,2018-09-07T09:00:00Z,临沧,29.0,优,,8.0,10.0,28.0,21.0,0.95,0.75,10.0,9.0,9.0,55.0,7.0,12.0,11.0,8.0,云南省
16,16,16,2018-09-07T09:00:00Z,丹东,24.0,优,,10.0,15.0,22.0,34.0,0.75,0.75,17.0,13.0,44.0,170.0,46.0,61.0,11.0,10.0,辽宁省
17,17,17,2018-09-07T09:00:00Z,丽水,52.0,良,颗粒物(PM10),32.0,29.0,51.0,48.0,0.5670000000000001,0.5329999999999999,17.0,13.0,49.0,116.0,30.0,44.0,8.0,5.0,浙江省
18,18,18,2018-09-07T09:00:00Z,丽江,26.0,优,,17.0,15.0,25.0,23.0,0.867,0.733,18.0,13.0,14.0,56.0,14.0,17.0,11.0,11.0,云南省
19,19,19,2018-09-07T09:00:00Z,义乌,71.0,良,臭氧8小时,24.0,53.0,35.0,88.0,0.7,0.85,12.0,19.0,106.0,165.0,123.0,150.0,3.0,13.0,浙江省
20,20,20,2018-09-07T09:00:00Z,乌兰察布,28.0,优,,10.0,10.0,12.0,16.0,0.25,0.2,6.0,7.0,63.0,88.0,54.0,55.0,10.0,12.0,内蒙古自治区
21,21,21,2018-09-07T09:00:00Z,乌海,50.0,优,颗粒物(PM10),23.0,14.0,49.0,35.0,1.067,0.5670000000000001,24.0,15.0,33.0,65.0,14.0,20.0,20.0,6.0,内蒙古自治区
22,22,22,2018-09-07T09:00:00Z,乌鲁木齐,93.0,良,颗粒物(PM10),44.0,29.0,133.0,96.0,1.35,0.943,65.0,49.0,16.0,127.0,19.0,21.0,13.0,12.0,新疆维吾尔自治区
23,23,23,2018-09-07T09:00:00Z,乐山,51.0,良,颗粒物(PM10),24.0,23.0,50.0,42.0,0.82,0.74,28.0,37.0,32.0,85.0,21.0,24.0,8.0,8.0,四川省
24,24,24,2018-09-07T09:00:00Z,九江,60.0,良,颗粒物(PM10),35.0,52.0,67.0,80.0,0.888,0.888,22.0,20.0,61.0,205.0,61.0,75.0,18.0,15.0,江西省
25,25,25,2018-09-07T09:00:00Z,乳山,36.0,优,,15.0,23.0,35.0,51.0,0.55,0.75,22.0,25.0,69.0,241.0,62.0,80.0,8.0,10.0,山东省
26,26,26,2018-09-07T09:00:00Z,云浮,42.0,优,,29.0,26.0,39.0,43.0,0.9,0.667,30.0,24.0,23.0,96.0,16.0,33.0,12.0,8.0,广东省
27,27,27,2018-09-07T09:00:00Z,五家渠,73.0,良,颗粒物(PM10),28.0,23.0,94.0,78.0,1.0,0.8,58.0,40.0,6.0,98.0,12.0,38.0,10.0,15.0,新疆维吾尔自治区
28,28,28,2018-09-07T09:00:00Z,亳州,41.0,优,,10.0,21.0,40.0,54.0,0.5,0.8,12.0,15.0,47.0,150.0,61.0,97.0,13.0,11.0,安徽省
29,29,29,2018-09-07T09:00:00Z,伊春,16.0,优,,10.0,9.0,15.0,18.0,0.16699999999999998,0.16699999999999998,7.0,6.0,37.0,37.0,18.0,18.0,3.0,3.0,黑龙江省
30,30,30,2018-07-18T18:00:00Z,伊犁哈萨克,0.0,优,,0.0,0.0,0.0,0.0,0.0,0.0,0.0,0.0,0.0,0.0,0.0,0.0,0.0,0.0,新疆维吾尔自治区
31,31,31,2018-09-07T09:00:00Z,伊犁哈萨克州,87.0,良,颗粒物(PM10),38.0,35.0,121.0,85.0,1.5,1.033,39.0,35.0,9.0,118.0,18.0,25.0,10.0,10.0,新疆维吾尔自治区
32,32,32,2018-09-07T09:00:00Z,佛山,58.0,良,颗粒物(PM10),39.0,30.0,64.0,51.0,0.825,0.687,48.0,36.0,36.0,234.0,24.0,55.0,20.0,9.0,广东省
33,33,33,2018-09-07T09:00:00Z,佳木斯,19.0,优,,7.0,5.0,18.0,14.0,0.36,0.34,6.0,8.0,24.0,49.0,13.0,16.0,3.0,3.0,黑龙江省
34,34,34,2018-09-07T09:00:00Z,保定,31.0,优,,8.0,13.0,30.0,39.0,0.267,0.217,20.0,19.0,46.0,101.0,30.0,31.0,5.0,4.0,河北省
35,35,35,2018-09-07T09:00:00Z,保山,25.0,优,,9.0,7.0,24.0,21.0,0.6,0.4,15.0,8.0,8.0,52.0,6.0,16.0,6.0,4.0,云南省
36,36,36,2018-09-07T09:00:00Z,信阳,55.0,良,颗粒物(PM10),19.0,19.0,58.0,43.0,0.275,0.4,17.0,16.0,59.0,128.0,64.0,72.0,9.0,7.0,河南省
37,37,37,2018-09-07T09:00:00Z,克州,108.0,轻度污染,颗粒物(PM10),79.0,60.0,163.0,137.0,1.3,1.2,2.0,6.0,95.0,103.0,86.0,86.0,4.0,4.0,新疆维吾尔自治区
38,38,38,2018-09-07T09:00:00Z,克拉玛依,34.0,优,,7.0,9.0,33.0,40.0,0.68,0.66,30.0,19.0,47.0,96.0,63.0,75.0,5.0,9.0,新疆维吾尔自治区
39,39,39,2018-09-07T09:00:00Z,六安,62.0,良,颗粒物(PM10),26.0,40.0,72.0,67.0,0.375,0.575,27.0,30.0,42.0,94.0,47.0,55.0,4.0,4.0,安徽省
40,40,40,2018-09-07T09:00:00Z,六盘水,43.0,优,,12.0,12.0,25.0,25.0,0.5,0.45,15.0,15.0,80.0,93.0,84.0,88.0,12.0,14.0,贵州省
41,41,41,2018-09-07T09:00:00Z,兰州,63.0,良,颗粒物(PM10),22.0,22.0,73.0,58.0,0.66,0.4,42.0,32.0,23.0,88.0,13.0,20.0,12.0,12.0,甘肃省
42,42,42,2018-09-07T09:00:00Z,兴安盟,20.0,优,,8.0,12.0,17.0,24.0,0.267,0.16699999999999998,5.0,8.0,49.0,73.0,39.0,55.0,1.0,2.0,内蒙古自治区
43,43,43,2018-09-07T09:00:00Z,内江,27.0,优,,11.0,9.0,18.0,18.0,0.525,0.5,16.0,14.0,53.0,96.0,52.0,57.0,6.0,5.0,四川省
44,44,44,2018-09-07T09:00:00Z,凉山州,45.0,优,,8.0,13.0,12.0,23.0,0.58,0.7,13.0,11.0,72.0,118.0,89.0,95.0,10.0,16.0,四川省
45,45,45,2018-09-07T09:00:00Z,包头,22.0,优,,10.0,9.0,21.0,28.0,0.333,0.4,15.0,19.0,44.0,65.0,26.0,27.0,7.0,9.0,内蒙古自治区
46,46,46,2018-09-07T09:00:00Z,北京,17.0,优,,5.0,4.0,14.0,24.0,0.342,0.3,12.0,14.0,43.0,78.0,33.0,41.0,2.0,3.0,北京
47,47,47,2018-09-07T09:00:00Z,北海,44.0,优,,25.0,13.0,43.0,29.0,1.05,0.75,16.0,12.0,29.0,82.0,33.0,48.0,7.0,6.0,广西壮族自治区
48,48,48,2018-09-07T09:00:00Z,十堰,49.0,优,,18.0,15.0,48.0,40.0,0.725,0.675,17.0,12.0,31.0,83.0,38.0,52.0,16.0,11.0,湖北省
49,49,49,2018-09-07T09:00:00Z,南京,70.0,良,颗粒物(PM10),48.0,34.0,88.0,66.0,1.125,0.7,33.0,33.0,47.0,114.0,53.0,74.0,13.0,9.0,江苏省
50,50,50,2018-09-07T09:00:00Z,南充,46.0,优,,18.0,14.0,26.0,22.0,0.45,0.45,26.0,19.0,78.0,98.0,90.0,96.0,7.0,9.0,四川省
51,51,51,2018-09-07T09:00:00Z,南宁,29.0,优,,18.0,27.0,28.0,49.0,0.6709999999999999,0.7290000000000001,20.0,28.0,30.0,134.0,19.0,31.0,8.0,6.0,广西壮族自治区
52,52,52,2018-09-07T09:00:00Z,南平,31.0,优,,11.0,16.0,24.0,27.0,0.675,0.575,11.0,8.0,58.0,116.0,61.0,88.0,5.0,4.0,福建省
53,53,53,2018-09-07T09:00:00Z,南昌,44.0,优,,18.0,28.0,43.0,72.0,1.156,1.067,19.0,14.0,52.0,225.0,76.0,99.0,6.0,7.0,江西省
54,54,54,2018-09-07T09:00:00Z,南通,78.0,良,颗粒物(PM2.5),57.0,55.0,72.0,79.0,0.84,0.82,20.0,24.0,69.0,253.0,79.0,90.0,18.0,19.0,江苏省
55,55,55,2018-09-07T09:00:00Z,南阳,50.0,优,颗粒物(PM10),11.0,19.0,49.0,56.0,0.46,0.64,27.0,29.0,54.0,95.0,59.0,65.0,6.0,6.0,河南省
56,56,56,2018-09-07T09:00:00Z,博州,55.0,良,颗粒物(PM2.5),38.0,16.0,24.0,39.0,0.4,0.3,13.0,12.0,28.0,113.0,33.0,47.0,8.0,10.0,新疆维吾尔自治区
57,57,57,2018-09-07T09:00:00Z,即墨,53.0,良,颗粒物(PM10),12.0,19.0,54.0,66.0,0.55,0.6,28.0,31.0,46.0,192.0,30.0,45.0,7.0,8.0,山东省
58,58,58,2018-09-07T09:00:00Z,厦门,42.0,优,,28.0,26.0,41.0,40.0,0.45,0.425,21.0,21.0,49.0,129.0,42.0,44.0,9.0,6.0,福建省
59,59,59,2018-09-07T09:00:00Z,双鸭山,25.0,优,,12.0,11.0,24.0,19.0,0.275,0.4,8.0,8.0,19.0,56.0,17.0,18.0,4.0,4.0,黑龙江省
60,60,60,2018-09-07T09:00:00Z,句容,81.0,良,颗粒物(PM10),45.0,83.0,109.0,88.0,0.8,0.8,20.0,25.0,50.0,163.0,43.0,61.0,5.0,5.0,江苏省
61,61,61,2018-09-07T09:00:00Z,台州,49.0,优,,31.0,32.0,48.0,54.0,0.633,0.6,17.0,12.0,53.0,130.0,53.0,70.0,4.0,6.0,浙江省
62,62,62,2018-09-07T09:00:00Z,合肥,56.0,良,颗粒物(PM10),18.0,34.0,59.0,60.0,0.51,0.71,25.0,32.0,42.0,114.0,42.0,47.0,7.0,6.0,安徽省
63,63,63,2018-09-07T09:00:00Z,吉安,39.0,优,,23.0,21.0,38.0,41.0,0.6,0.65,8.0,7.0,95.0,134.0,52.0,60.0,10.0,11.0,江西省
64,64,64,2018-09-07T09:00:00Z,吉林,31.0,优,,6.0,11.0,30.0,23.0,0.45,0.5670000000000001,13.0,16.0,40.0,99.0,28.0,34.0,7.0,7.0,吉林省
65,65,65,2018-09-07T09:00:00Z,吐鲁番地区,69.0,良,颗粒物(PM10),34.0,29.0,86.0,76.0,0.9,0.65,45.0,26.0,15.0,54.0,23.0,28.0,7.0,9.0,新疆维吾尔自治区
66,66,66,2018-09-07T09:00:00Z,吕梁,39.0,优,,13.0,13.0,38.0,60.0,0.867,0.5670000000000001,21.0,15.0,15.0,86.0,9.0,23.0,12.0,14.0,山西省
67,67,67,2018-09-07T09:00:00Z,吴忠,57.0,良,颗粒物(PM10),19.0,10.0,61.0,51.0,0.4,0.267,17.0,15.0,23.0,105.0,13.0,21.0,13.0,9.0,宁夏回族自治区
68,68,68,2018-09-07T09:00:00Z,吴江,92.0,良,颗粒物(PM2.5),68.0,55.0,94.0,98.0,0.967,0.8,55.0,35.0,50.0,265.0,82.0,129.0,12.0,12.0,江苏省
69,69,69,2018-09-07T09:00:00Z,周口,60.0,良,颗粒物(PM10),4.0,16.0,68.0,72.0,0.55,0.625,24.0,21.0,46.0,170.0,52.0,81.0,14.0,11.0,河南省
70,70,70,2018-09-07T09:00:00Z,呼伦贝尔,24.0,优,,6.0,10.0,18.0,20.0,0.3,0.3,9.0,9.0,48.0,68.0,47.0,48.0,2.0,1.0,内蒙古自治区
71,71,71,2018-09-07T09:00:00Z,呼和浩特,32.0,优,,7.0,6.0,31.0,20.0,0.688,0.65,16.0,17.0,44.0,69.0,18.0,25.0,9.0,8.0,内蒙古自治区
72,72,72,2018-09-07T09:00:00Z,和田地区,136.0,轻度污染,颗粒物(PM10),61.0,61.0,219.0,230.0,0.3,0.35,5.0,10.0,75.0,83.0,71.0,71.0,10.0,19.0,新疆维吾尔自治区
73,73,73,2018-09-07T09:00:00Z,咸宁,58.0,良,颗粒物(PM10),29.0,33.0,63.0,47.0,0.875,0.9,24.0,15.0,50.0,95.0,50.0,55.0,5.0,4.0,湖北省
74,74,74,2018-09-07T09:00:00Z,咸阳,63.0,良,颗粒物(PM10),20.0,27.0,73.0,82.0,0.82,0.82,41.0,38.0,29.0,99.0,25.0,25.0,9.0,9.0,陕西省
75,75,75,2018-09-07T09:00:00Z,哈密地区,65.0,良,颗粒物(PM10),15.0,12.0,77.0,61.0,0.7,0.45,45.0,34.0,27.0,64.0,35.0,35.0,4.0,5.0,新疆维吾尔自治区
76,76,76,2018-09-07T09:00:00Z,哈尔滨,18.0,优,,4.0,6.0,17.0,22.0,0.5,0.5,11.0,18.0,44.0,45.0,20.0,21.0,6.0,6.0,黑龙江省
77,77,77,2018-09-07T09:00:00Z,唐山,40.0,优,,19.0,22.0,39.0,56.0,0.5329999999999999,0.583,27.0,33.0,37.0,93.0,18.0,20.0,19.0,18.0,河北省
78,78,78,2018-09-07T09:00:00Z,商丘,56.0,良,颗粒物(PM10),10.0,17.0,59.0,61.0,0.6,0.65,18.0,19.0,49.0,150.0,49.0,69.0,12.0,6.0,河南省
79,79,79,2018-09-07T09:00:00Z,商洛,61.0,良,颗粒物(PM10),23.0,25.0,69.0,76.0,0.5,0.55,22.0,18.0,29.0,106.0,37.0,53.0,4.0,3.0,陕西省
80,80,80,2018-09-07T09:00:00Z,喀什地区,111.0,轻度污染,颗粒物(PM10),78.0,48.0,169.0,106.0,0.3,0.4,13.0,16.0,85.0,93.0,74.0,78.0,3.0,3.0,新疆维吾尔自治区
81,81,81,2018-09-07T09:00:00Z,嘉兴,70.0,良,颗粒物(PM2.5),50.0,52.0,68.0,78.0,1.167,0.9,43.0,23.0,40.0,254.0,88.0,113.0,4.0,5.0,浙江省
82,82,82,2018-09-07T09:00:00Z,嘉峪关,60.0,良,颗粒物(PM10),10.0,8.0,67.0,40.0,0.4,0.35,31.0,19.0,40.0,83.0,49.0,58.0,3.0,3.0,甘肃省
83,83,83,2018-09-07T09:00:00Z,四平,48.0,优,,16.0,15.0,47.0,29.0,2.4,1.1,23.0,21.0,31.0,93.0,11.0,24.0,4.0,4.0,吉林省
84,84,84,2018-09-07T09:00:00Z,固原,63.0,良,颗粒物(PM10),13.0,15.0,74.0,68.0,0.633,0.5670000000000001,30.0,28.0,27.0,94.0,11.0,26.0,7.0,6.0,宁夏回族自治区
85,85,85,2018-09-07T09:00:00Z,塔城地区,0.0,优,,0.0,0.0,0.0,0.0,0.0,0.0,0.0,0.0,0.0,0.0,0.0,0.0,0.0,0.0,新疆维吾尔自治区
86,86,86,2018-07-30T05:00:00Z,大兴安岭地,0.0,优,,0.0,0.0,0.0,0.0,0.0,0.0,0.0,0.0,0.0,0.0,0.0,0.0,0.0,0.0,黑龙江省
87,87,87,2018-09-07T09:00:00Z,大兴安岭地区,16.0,优,,11.0,10.0,13.0,13.0,0.25,0.2,10.0,6.0,28.0,66.0,27.0,33.0,4.0,4.0,黑龙江省
88,88,88,2018-09-07T09:00:00Z,大同,57.0,良,颗粒物(PM10),19.0,10.0,62.0,37.0,1.6,0.867,22.0,15.0,25.0,87.0,18.0,34.0,19.0,12.0,山西省
89,89,89,2018-09-07T09:00:00Z,大庆,22.0,优,,10.0,11.0,21.0,24.0,0.35,0.375,17.0,18.0,44.0,70.0,34.0,47.0,7.0,5.0,黑龙江省
90,90,90,2018-09-07T09:00:00Z,大理州,28.0,优,,6.0,7.0,27.0,21.0,0.55,0.4,20.0,14.0,25.0,78.0,35.0,48.0,5.0,4.0,云南省
91,91,91,2018-09-07T09:00:00Z,大连,35.0,优,,7.0,21.0,22.0,44.0,0.422,0.667,9.0,15.0,69.0,212.0,68.0,78.0,5.0,8.0,辽宁省
92,92,92,2018-09-07T09:00:00Z,天水,59.0,良,颗粒物(PM10),18.0,18.0,65.0,49.0,0.433,0.3,26.0,19.0,24.0,122.0,28.0,33.0,8.0,8.0,甘肃省
93,93,93,2018-09-07T09:00:00Z,天津,42.0,优,,12.0,12.0,41.0,51.0,0.722,0.594,28.0,31.0,38.0,96.0,24.0,24.0,12.0,8.0,天津
94,94,94,2018-09-07T09:00:00Z,太仓,88.0,良,颗粒物(PM2.5),65.0,65.0,94.0,95.0,1.6,1.25,61.0,45.0,58.0,274.0,52.0,93.0,29.0,21.0,江苏省
95,95,95,2018-09-07T09:00:00Z,太原,52.0,良,颗粒物(PM10),10.0,10.0,51.0,69.0,0.688,0.325,26.0,16.0,29.0,87.0,27.0,42.0,8.0,5.0,山西省
96,96,96,2018-09-07T09:00:00Z,威海,41.0,优,,4.0,16.0,21.0,48.0,0.267,0.467,6.0,9.0,77.0,198.0,80.0,98.0,5.0,7.0,山东省
97,97,97,2018-09-07T09:00:00Z,娄底,48.0,优,,19.0,21.0,36.0,35.0,0.8,1.08,10.0,9.0,93.0,121.0,95.0,100.0,5.0,5.0,湖南省
98,98,98,2018-09-07T09:00:00Z,孝感,50.0,优,颗粒物(PM10),13.0,22.0,49.0,41.0,0.65,0.7,17.0,15.0,56.0,123.0,53.0,53.0,8.0,7.0,湖北省
99,99,99,2018-09-07T09:00:00Z,宁德,38.0,优,,21.0,22.0,37.0,35.0,0.733,0.633,10.0,7.0,40.0,116.0,21.0,25.0,4.0,4.0,福建省
100,100,100,2018-09-07T09:00:00Z,宁波,50.0,优,臭氧8小时,26.0,37.0,38.0,53.0,0.813,0.775,21.0,18.0,106.0,151.0,98.0,98.0,6.0,6.0,浙江省
101,101,101,2018-09-07T09:00:00Z,安庆,42.0,优,,29.0,33.0,40.0,61.0,0.7,0.92,10.0,12.0,63.0,175.0,64.0,90.0,5.0,10.0,安徽省
102,102,102,2018-09-07T09:00:00Z,安康,23.0,优,,9.0,8.0,22.0,19.0,0.5329999999999999,0.467,7.0,9.0,24.0,59.0,23.0,24.0,5.0,6.0,陕西省
103,103,103,2018-09-07T09:00:00Z,安阳,49.0,优,,11.0,17.0,48.0,75.0,1.3,1.02,28.0,28.0,42.0,139.0,26.0,35.0,27.0,21.0,河南省
104,104,104,2018-09-07T09:00:00Z,安顺,43.0,优,,10.0,12.0,16.0,18.0,0.425,0.45,9.0,7.0,79.0,92.0,84.0,85.0,8.0,6.0,贵州省
105,105,105,2018-09-07T09:00:00Z,定西,56.0,良,颗粒物(PM10),18.0,14.0,59.0,52.0,0.25,0.15,30.0,20.0,31.0,99.0,28.0,69.0,10.0,4.0,甘肃省
106,106,106,2018-09-07T09:00:00Z,宜兴,63.0,良,颗粒物(PM2.5),44.0,53.0,62.0,83.0,1.55,1.3,33.0,28.0,55.0,315.0,68.0,103.0,16.0,15.0,江苏省
107,107,107,2018-09-07T09:00:00Z,宜宾,43.0,优,,21.0,17.0,42.0,30.0,0.78,0.6,32.0,27.0,17.0,75.0,19.0,38.0,13.0,10.0,四川省
108,108,108,2018-09-07T09:00:00Z,宜昌,45.0,优,,11.0,16.0,44.0,37.0,0.82,0.82,34.0,24.0,45.0,89.0,50.0,50.0,6.0,7.0,湖北省
109,109,109,2018-09-07T09:00:00Z,宜春,41.0,优,,27.0,39.0,40.0,71.0,0.44,0.8,9.0,13.0,105.0,191.0,79.0,80.0,6.0,15.0,江西省
110,110,110,2018-09-07T09:00:00Z,宝鸡,52.0,良,颗粒物(PM10),15.0,22.0,51.0,69.0,0.563,0.462,30.0,30.0,18.0,110.0,19.0,24.0,5.0,4.0,陕西省
111,111,111,2018-09-07T09:00:00Z,宣城,55.0,良,颗粒物(PM10),37.0,39.0,57.0,76.0,1.0,1.0,20.0,21.0,66.0,168.0,60.0,72.0,9.0,11.0,安徽省
112,112,112,2018-09-07T09:00:00Z,宿州,55.0,良,颗粒物(PM10),15.0,31.0,57.0,53.0,0.333,0.4,27.0,21.0,38.0,159.0,53.0,80.0,13.0,12.0,安徽省
113,113,113,2018-09-07T09:00:00Z,宿迁,58.0,良,颗粒物(PM10),22.0,30.0,63.0,54.0,1.025,0.775,31.0,18.0,47.0,155.0,64.0,88.0,24.0,9.0,江苏省
114,114,114,2018-09-07T09:00:00Z,富阳,71.0,良,臭氧8小时,26.0,54.0,35.0,87.0,1.1,1.2,21.0,15.0,120.0,173.0,124.0,149.0,7.0,13.0,浙江省
115,115,115,2018-09-07T09:00:00Z,寿光,65.0,良,颗粒物(PM10),32.0,24.0,78.0,85.0,1.0,0.65,49.0,32.0,51.0,199.0,28.0,28.0,31.0,21.0,山东省
116,116,116,2018-09-07T09:00:00Z,山南,26.0,优,,10.0,10.0,25.0,30.0,0.35,0.3,9.0,8.0,36.0,105.0,46.0,61.0,3.0,4.0,西藏自治区
117,117,117,2017-08-16T16:00:00Z,山南地区,40.0,优,,5.0,5.0,21.0,14.0,0.45,0.45,6.0,8.0,65.0,117.0,79.0,107.0,4.0,5.0,西藏自治区
118,118,118,2018-09-07T09:00:00Z,岳阳,49.0,优,,23.0,30.0,48.0,44.0,0.733,0.933,10.0,12.0,59.0,115.0,53.0,60.0,10.0,8.0,湖南省
119,119,119,2018-09-07T09:00:00Z,崇左,55.0,良,颗粒物(PM10),24.0,25.0,58.0,57.0,0.65,0.65,14.0,18.0,21.0,92.0,13.0,14.0,11.0,8.0,广西壮族自治区
120,120,120,2018-09-07T09:00:00Z,巴中,27.0,优,,16.0,11.0,26.0,22.0,0.55,0.475,18.0,15.0,33.0,99.0,43.0,55.0,4.0,4.0,四川省
121,121,121,2018-09-07T09:00:00Z,巴彦淖尔,40.0,优,,19.0,14.0,39.0,31.0,0.5670000000000001,0.467,20.0,16.0,35.0,61.0,16.0,17.0,27.0,7.0,内蒙古自治区
122,122,122,2018-09-07T09:00:00Z,常州,70.0,良,颗粒物(PM2.5),50.0,50.0,74.0,79.0,0.967,0.922,46.0,40.0,32.0,171.0,35.0,53.0,16.0,16.0,江苏省
123,123,123,2018-09-07T09:00:00Z,常德,43.0,优,,17.0,26.0,42.0,41.0,0.58,0.82,18.0,19.0,68.0,101.0,48.0,59.0,10.0,10.0,湖南省
124,124,124,2018-09-07T09:00:00Z,常熟,78.0,良,颗粒物(PM2.5),57.0,61.0,91.0,94.0,1.1,0.95,55.0,41.0,58.0,225.0,51.0,62.0,16.0,15.0,江苏省
125,125,125,2018-09-07T09:00:00Z,平凉,37.0,优,,15.0,15.0,36.0,42.0,0.4,0.25,29.0,27.0,21.0,103.0,15.0,24.0,4.0,4.0,甘肃省
126,126,126,2018-09-07T09:00:00Z,平度,35.0,优,,10.0,17.0,34.0,64.0,0.45,0.6,6.0,22.0,77.0,195.0,28.0,57.0,4.0,6.0,山东省
127,127,127,2018-09-07T09:00:00Z,平顶山,65.0,良,颗粒物(PM10),29.0,28.0,77.0,73.0,0.875,0.725,36.0,32.0,36.0,131.0,33.0,68.0,43.0,21.0,河南省
128,128,128,2018-09-07T09:00:00Z,广元,55.0,良,颗粒物(PM10),21.0,11.0,57.0,31.0,0.725,0.525,34.0,30.0,12.0,86.0,15.0,28.0,15.0,12.0,四川省
129,129,129,2018-09-07T09:00:00Z,广安,41.0,优,,9.0,18.0,17.0,30.0,0.44,0.583,7.0,7.0,76.0,75.0,81.0,72.0,3.0,6.0,四川省
130,130,130,2018-09-07T09:00:00Z,广州,54.0,良,颗粒物(PM10),36.0,29.0,55.0,47.0,0.836,0.718,50.0,43.0,26.0,216.0,17.0,29.0,8.0,7.0,广东省
131,131,131,2018-09-07T09:00:00Z,庆阳,42.0,优,,9.0,19.0,41.0,83.0,0.433,0.4,12.0,10.0,48.0,95.0,54.0,74.0,9.0,9.0,甘肃省
132,132,132,2018-09-07T09:00:00Z,库尔勒,45.0,优,,12.0,13.0,34.0,37.0,0.6,0.467,15.0,10.0,70.0,104.0,88.0,101.0,6.0,5.0,新疆维吾尔自治区
133,133,133,2018-09-07T09:00:00Z,廊坊,29.0,优,,9.0,14.0,28.0,36.0,0.525,0.45,34.0,29.0,28.0,80.0,20.0,20.0,4.0,2.0,河北省
134,134,134,2018-09-07T09:00:00Z,延安,48.0,优,,15.0,14.0,47.0,61.0,0.8,0.675,25.0,27.0,17.0,101.0,9.0,24.0,12.0,10.0,陕西省
135,135,135,2018-09-07T09:00:00Z,延边州,26.0,优,,6.0,8.0,11.0,21.0,0.3,0.3670000000000001,8.0,11.0,51.0,92.0,51.0,62.0,4.0,4.0,吉林省
136,136,136,2018-09-07T09:00:00Z,开封,56.0,良,颗粒物(PM10),13.0,28.0,60.0,81.0,0.8,0.65,26.0,24.0,47.0,172.0,42.0,57.0,14.0,10.0,河南省
137,137,137,2018-09-07T09:00:00Z,张家口,23.0,优,,8.0,9.0,22.0,21.0,0.4,0.32,10.0,11.0,43.0,80.0,39.0,52.0,6.0,6.0,河北省
138,138,138,2018-09-07T09:00:00Z,张家港,76.0,良,颗粒物(PM10),47.0,47.0,100.0,114.0,0.75,0.8,35.0,40.0,68.0,273.0,59.0,73.0,11.0,13.0,江苏省
139,139,139,2018-09-07T09:00:00Z,张家界,40.0,优,,13.0,18.0,39.0,35.0,1.275,1.075,22.0,13.0,47.0,118.0,50.0,61.0,5.0,5.0,湖南省
140,140,140,2018-09-07T09:00:00Z,张掖,53.0,良,颗粒物(PM10),13.0,13.0,53.0,35.0,0.4,0.3,27.0,13.0,27.0,104.0,28.0,53.0,7.0,5.0,甘肃省
141,141,141,2018-09-07T09:00:00Z,徐州,56.0,良,颗粒物(PM10),11.0,22.0,60.0,64.0,0.586,0.643,29.0,27.0,38.0,164.0,45.0,92.0,21.0,15.0,江苏省
142,142,142,2018-09-07T09:00:00Z,德宏州,20.0,优,,14.0,12.0,19.0,21.0,0.5,0.4,13.0,9.0,15.0,53.0,13.0,13.0,21.0,14.0,云南省
143,143,143,2018-09-07T09:00:00Z,德州,37.0,优,,8.0,8.0,36.0,74.0,0.433,0.433,17.0,18.0,41.0,135.0,36.0,43.0,10.0,7.0,山东省
144,144,144,2018-09-07T09:00:00Z,德阳,50.0,优,颗粒物(PM10),21.0,19.0,49.0,47.0,0.775,0.7,26.0,36.0,14.0,67.0,13.0,19.0,8.0,10.0,四川省
145,145,145,2018-09-07T09:00:00Z,忻州,37.0,优,,16.0,8.0,36.0,34.0,0.6,0.3670000000000001,23.0,17.0,33.0,77.0,20.0,36.0,36.0,10.0,山西省
146,146,146,2018-09-07T09:00:00Z,怀化,37.0,优,,15.0,26.0,34.0,51.0,1.15,1.15,14.0,8.0,59.0,105.0,73.0,92.0,7.0,4.0,湖南省
147,147,147,2018-09-07T09:00:00Z,怒江州,32.0,优,,14.0,12.0,31.0,29.0,1.05,0.9,12.0,14.0,7.0,62.0,5.0,5.0,5.0,5.0,云南省
148,148,148,2018-09-07T09:00:00Z,恩施州,27.0,优,,14.0,14.0,26.0,25.0,0.8,0.8,14.0,12.0,50.0,83.0,38.0,38.0,6.0,6.0,湖北省
149,149,149,2018-09-07T09:00:00Z,惠州,53.0,良,颗粒物(PM2.5),36.0,30.0,48.0,50.0,0.78,0.64,22.0,15.0,68.0,157.0,61.0,80.0,6.0,6.0,广东省
150,150,150,2018-09-07T09:00:00Z,成都,53.0,良,颗粒物(PM10),30.0,22.0,54.0,39.0,0.8220000000000001,0.7,36.0,38.0,28.0,81.0,27.0,27.0,9.0,8.0,四川省
151,151,151,2018-09-07T09:00:00Z,扬州,60.0,良,颗粒物(PM10),31.0,38.0,68.0,68.0,0.8,0.78,20.0,23.0,75.0,130.0,56.0,65.0,11.0,11.0,江苏省
152,152,152,2018-09-07T09:00:00Z,承德,35.0,优,,7.0,9.0,34.0,24.0,0.44,0.34,20.0,16.0,29.0,80.0,10.0,11.0,12.0,4.0,河北省
153,153,153,2018-09-07T09:00:00Z,抚州,49.0,优,,27.0,39.0,45.0,69.0,0.78,0.8,8.0,6.0,87.0,178.0,96.0,106.0,5.0,10.0,江西省
154,154,154,2018-09-07T09:00:00Z,抚顺,67.0,良,颗粒物(PM10),43.0,24.0,81.0,42.0,0.8170000000000001,0.733,32.0,30.0,26.0,80.0,14.0,28.0,31.0,15.0,辽宁省
155,155,155,2018-09-07T09:00:00Z,拉萨,40.0,优,,12.0,11.0,39.0,41.0,0.483,0.383,26.0,22.0,30.0,99.0,37.0,45.0,8.0,7.0,西藏自治区
156,156,156,2018-09-07T09:00:00Z,招远,39.0,优,,15.0,21.0,38.0,56.0,0.35,0.5,15.0,19.0,71.0,217.0,71.0,94.0,15.0,13.0,山东省
157,157,157,2018-09-07T09:00:00Z,揭阳,50.0,优,颗粒物(PM2.5),35.0,39.0,40.0,60.0,1.0,0.95,13.0,16.0,61.0,159.0,32.0,45.0,7.0,9.0,广东省
158,158,158,2018-09-07T09:00:00Z,攀枝花,30.0,优,,14.0,19.0,29.0,32.0,1.275,0.925,33.0,25.0,37.0,89.0,34.0,34.0,24.0,24.0,四川省
159,159,159,2018-09-07T09:00:00Z,文山州,69.0,良,颗粒物(PM2.5),49.0,16.0,82.0,28.0,0.95,0.5,28.0,14.0,8.0,78.0,21.0,39.0,20.0,6.0,云南省
160,160,160,2018-09-07T09:00:00Z,文登,34.0,优,,11.0,19.0,33.0,59.0,0.35,0.7,12.0,18.0,65.0,190.0,53.0,69.0,5.0,7.0,山东省
161,161,161,2018-09-07T09:00:00Z,新乡,54.0,良,颗粒物(PM10),16.0,20.0,56.0,58.0,0.575,0.575,34.0,36.0,44.0,165.0,18.0,26.0,12.0,8.0,河南省
162,162,162,2018-09-07T09:00:00Z,新余,45.0,优,,20.0,47.0,30.0,83.0,0.54,0.88,12.0,15.0,95.0,172.0,88.0,112.0,6.0,42.0,江西省
163,163,163,2018-09-07T09:00:00Z,无锡,70.0,良,颗粒物(PM10),48.0,47.0,87.0,86.0,1.163,0.938,39.0,31.0,44.0,214.0,50.0,73.0,15.0,13.0,江苏省
164,164,164,2018-09-07T09:00:00Z,日喀则,49.0,优,,11.0,7.0,48.0,24.0,0.65,0.45,7.0,5.0,22.0,98.0,36.0,52.0,3.0,4.0,西藏自治区
165,165,165,2017-08-16T16:00:00Z,日喀则地区,29.0,优,,6.0,9.0,27.0,31.0,0.35,0.45,2.0,11.0,68.0,77.0,56.0,56.0,5.0,5.0,西藏自治区
166,166,166,2018-09-07T09:00:00Z,日照,44.0,优,,11.0,18.0,43.0,61.0,0.433,0.433,15.0,19.0,60.0,140.0,60.0,83.0,8.0,7.0,山东省
167,167,167,2018-09-07T09:00:00Z,昆山,85.0,良,颗粒物(PM2.5),62.0,60.0,78.0,91.0,1.45,1.15,46.0,24.0,37.0,253.0,45.0,90.0,18.0,15.0,江苏省
168,168,168,2018-09-07T09:00:00Z,昆明,26.0,优,,11.0,20.0,7.0,38.0,0.5,0.643,16.0,22.0,56.0,113.0,50.0,50.0,6.0,9.0,云南省
169,169,169,2018-09-07T09:00:00Z,昌吉州,57.0,良,颗粒物(PM10),21.0,19.0,62.0,63.0,0.833,0.667,55.0,35.0,32.0,120.0,60.0,63.0,11.0,12.0,新疆维吾尔自治区
170,170,170,2018-09-07T09:00:00Z,昌都,20.0,优,,4.0,10.0,11.0,34.0,0.7,0.65,14.0,13.0,45.0,82.0,38.0,39.0,3.0,2.0,西藏自治区
171,171,171,2017-08-16T16:00:00Z,昌都地区,29.0,优,,6.0,11.0,12.0,31.0,0.7,0.75,11.0,20.0,86.0,104.0,57.0,57.0,8.0,8.0,西藏自治区
172,172,172,2018-09-07T09:00:00Z,昭通,59.0,良,臭氧8小时,12.0,10.0,24.0,24.0,0.4,0.4,10.0,8.0,106.0,117.0,109.0,116.0,4.0,4.0,云南省
173,173,173,2018-09-07T09:00:00Z,晋中,62.0,良,颗粒物(PM10),25.0,19.0,71.0,58.0,0.65,0.375,28.0,25.0,26.0,91.0,12.0,25.0,13.0,6.0,山西省
174,174,174,2018-09-07T09:00:00Z,晋城,39.0,优,,14.0,10.0,38.0,46.0,1.05,0.433,20.0,12.0,53.0,127.0,56.0,73.0,22.0,8.0,山西省
175,175,175,2018-09-07T09:00:00Z,普洱,21.0,优,,5.0,5.0,20.0,13.0,0.6,0.45,16.0,12.0,6.0,43.0,9.0,13.0,6.0,5.0,云南省
176,176,176,2018-09-07T09:00:00Z,景德镇,45.0,优,,23.0,39.0,31.0,68.0,0.76,0.92,5.0,8.0,94.0,210.0,88.0,88.0,7.0,12.0,江西省
177,177,177,2018-09-07T09:00:00Z,曲靖,31.0,优,,4.0,12.0,10.0,25.0,0.65,0.7,12.0,10.0,68.0,79.0,61.0,61.0,5.0,8.0,云南省
178,178,178,2018-09-07T09:00:00Z,朔州,61.0,良,颗粒物(PM10),15.0,5.0,70.0,36.0,0.7,0.48,28.0,15.0,27.0,69.0,24.0,47.0,15.0,9.0,山西省
179,179,179,2018-09-07T09:00:00Z,朝阳,26.0,优,,5.0,7.0,25.0,27.0,0.35,0.4,8.0,12.0,57.0,92.0,50.0,53.0,6.0,8.0,辽宁省
180,180,180,2018-09-07T09:00:00Z,本溪,58.0,良,颗粒物(PM10),23.0,18.0,64.0,39.0,2.55,1.4,34.0,29.0,20.0,71.0,12.0,28.0,29.0,11.0,辽宁省
181,181,181,2018-09-07T09:00:00Z,来宾,48.0,优,,22.0,30.0,47.0,54.0,0.7,0.7,14.0,14.0,27.0,110.0,28.0,34.0,10.0,22.0,广西壮族自治区
182,182,182,2018-09-07T09:00:00Z,杭州,63.0,良,臭氧8小时,38.0,52.0,55.0,89.0,1.118,1.064,26.0,22.0,88.0,235.0,114.0,120.0,5.0,9.0,浙江省
183,183,183,2018-09-07T09:00:00Z,松原,25.0,优,,6.0,7.0,24.0,23.0,0.35,0.35,3.0,8.0,43.0,56.0,35.0,35.0,1.0,1.0,吉林省
184,184,184,2018-09-07T09:00:00Z,林芝,13.0,优,,7.0,4.0,12.0,9.0,0.5,0.3,7.0,3.0,15.0,71.0,24.0,36.0,3.0,3.0,西藏自治区
185,185,185,2017-08-16T16:00:00Z,林芝地区,18.0,优,,4.0,4.0,16.0,20.0,0.35,0.35,6.0,7.0,51.0,57.0,35.0,36.0,3.0,3.0,西藏自治区
186,186,186,2018-09-07T09:00:00Z,果洛州,49.0,优,,7.0,9.0,8.0,15.0,0.2,0.2,6.0,6.0,94.0,103.0,96.0,96.0,6.0,5.0,青海省
187,187,187,2018-09-07T09:00:00Z,枣庄,58.0,良,颗粒物(PM10),11.0,20.0,63.0,66.0,0.32,0.36,20.0,22.0,54.0,174.0,50.0,79.0,17.0,10.0,山东省
188,188,188,2018-09-07T09:00:00Z,柳州,52.0,良,颗粒物(PM10),28.0,29.0,52.0,46.0,1.383,0.9,30.0,20.0,29.0,140.0,33.0,35.0,15.0,7.0,广西壮族自治区
189,189,189,2018-09-07T09:00:00Z,株洲,39.0,优,,18.0,33.0,30.0,58.0,0.557,0.614,19.0,18.0,63.0,135.0,77.0,77.0,10.0,13.0,湖南省
190,190,190,2018-09-07T09:00:00Z,桂林,53.0,良,颗粒物(PM10),29.0,32.0,54.0,47.0,0.625,0.55,15.0,12.0,96.0,117.0,72.0,72.0,9.0,11.0,广西壮族自治区
191,191,191,2018-09-07T09:00:00Z,梅州,51.0,良,颗粒物(PM10),33.0,26.0,50.0,46.0,0.9,0.8,18.0,17.0,41.0,110.0,21.0,52.0,6.0,6.0,广东省
192,192,192,2018-09-07T09:00:00Z,梧州,55.0,良,颗粒物(PM10),30.0,26.0,57.0,51.0,1.1,0.875,24.0,25.0,16.0,99.0,5.0,14.0,14.0,15.0,广西壮族自治区
193,193,193,2018-09-07T09:00:00Z,楚雄州,27.0,优,,15.0,11.0,26.0,23.0,0.85,0.65,16.0,14.0,28.0,50.0,6.0,6.0,9.0,10.0,云南省
194,194,194,2018-09-07T09:00:00Z,榆林,23.0,优,,7.0,5.0,22.0,34.0,0.575,0.475,19.0,18.0,22.0,77.0,12.0,17.0,8.0,4.0,陕西省
195,195,195,2018-09-07T09:00:00Z,武威,52.0,良,颗粒物(PM10),18.0,16.0,52.0,47.0,0.4,0.4,25.0,21.0,23.0,88.0,13.0,31.0,6.0,5.0,甘肃省
196,196,196,2018-09-07T09:00:00Z,武汉,54.0,良,颗粒物(PM10),12.0,27.0,55.0,46.0,0.6,0.889,23.0,34.0,53.0,97.0,53.0,55.0,6.0,6.0,湖北省
197,197,197,2018-09-07T09:00:00Z,毕节,50.0,优,臭氧8小时,11.0,6.0,22.0,13.0,0.65,0.6,6.0,4.0,90.0,104.0,98.0,103.0,8.0,7.0,贵州省
198,198,198,2018-09-07T09:00:00Z,永州,46.0,优,,32.0,36.0,44.0,50.0,0.48,0.52,9.0,9.0,85.0,99.0,83.0,86.0,6.0,7.0,湖南省
199,199,199,2018-09-07T09:00:00Z,汉中,39.0,优,,18.0,14.0,38.0,30.0,0.6,0.5,15.0,14.0,20.0,110.0,19.0,24.0,6.0,4.0,陕西省
200,200,200,2018-09-07T09:00:00Z,汕头,49.0,优,,34.0,27.0,43.0,39.0,0.76,0.667,16.0,13.0,70.0,124.0,60.0,68.0,16.0,10.0,广东省
201,201,201,2018-09-07T09:00:00Z,汕尾,33.0,优,,23.0,27.0,0.0,45.0,0.6,0.6,8.0,8.0,72.0,136.0,65.0,96.0,6.0,6.0,广东省
202,202,202,2018-09-07T09:00:00Z,江门,60.0,良,颗粒物(PM10),37.0,26.0,67.0,52.0,0.975,0.8,34.0,22.0,48.0,130.0,28.0,47.0,12.0,5.0,广东省
203,203,203,2018-09-07T09:00:00Z,江阴,80.0,良,颗粒物(PM2.5),58.0,64.0,81.0,96.0,1.0,1.133,32.0,44.0,66.0,266.0,51.0,55.0,19.0,24.0,江苏省
204,204,204,2018-09-07T09:00:00Z,池州,51.0,良,颗粒物(PM10),30.0,43.0,50.0,67.0,0.5670000000000001,0.7,25.0,26.0,49.0,190.0,37.0,46.0,7.0,12.0,安徽省
205,205,205,2018-09-07T09:00:00Z,沈阳,26.0,优,,12.0,14.0,25.0,32.0,0.47,0.58,25.0,30.0,26.0,73.0,14.0,18.0,15.0,12.0,辽宁省
206,206,206,2018-09-07T09:00:00Z,沧州,34.0,优,,17.0,22.0,33.0,52.0,0.233,0.4,22.0,24.0,43.0,136.0,31.0,39.0,14.0,16.0,河北省
207,207,207,2018-09-07T09:00:00Z,河池,36.0,优,,25.0,23.0,12.0,48.0,0.5329999999999999,0.5670000000000001,12.0,16.0,45.0,96.0,30.0,30.0,4.0,5.0,广西壮族自治区
208,208,208,2018-09-07T09:00:00Z,河源,35.0,优,,24.0,18.0,34.0,36.0,0.967,0.7,21.0,15.0,46.0,126.0,36.0,66.0,9.0,6.0,广东省
209,209,209,2018-09-07T09:00:00Z,泉州,54.0,良,颗粒物(PM10),34.0,25.0,55.0,48.0,0.575,0.5,25.0,21.0,36.0,140.0,27.0,31.0,15.0,10.0,福建省
210,210,210,2018-09-07T09:00:00Z,泰安,53.0,良,颗粒物(PM10),8.0,16.0,53.0,68.0,0.3,0.333,14.0,20.0,56.0,164.0,33.0,54.0,6.0,7.0,山东省
211,211,211,2018-09-07T09:00:00Z,泰州,71.0,良,颗粒物(PM2.5),51.0,48.0,79.0,75.0,0.925,0.95,20.0,28.0,66.0,174.0,49.0,69.0,8.0,7.0,江苏省
212,212,212,2018-09-07T09:00:00Z,泸州,21.0,优,,13.0,10.0,20.0,19.0,0.175,0.225,18.0,23.0,55.0,66.0,32.0,34.0,4.0,7.0,四川省
213,213,213,2018-09-07T09:00:00Z,洛阳,33.0,优,,8.0,14.0,32.0,50.0,0.7140000000000001,0.643,27.0,30.0,42.0,137.0,43.0,59.0,11.0,11.0,河南省
214,214,214,2018-09-07T09:00:00Z,济南,43.0,优,,9.0,13.0,42.0,75.0,0.325,0.338,25.0,26.0,39.0,169.0,28.0,39.0,8.0,8.0,山东省
215,215,215,2018-09-07T09:00:00Z,济宁,48.0,优,,14.0,27.0,47.0,65.0,0.467,0.5670000000000001,22.0,22.0,43.0,193.0,36.0,46.0,16.0,15.0,山东省
216,216,216,2018-09-07T09:00:00Z,海东地区,43.0,优,,20.0,26.0,42.0,50.0,0.7,0.7,43.0,34.0,19.0,112.0,24.0,54.0,10.0,14.0,青海省
217,217,217,2018-09-07T09:00:00Z,海北州,35.0,优,,18.0,23.0,34.0,35.0,0.5,0.6,17.0,14.0,28.0,47.0,31.0,40.0,17.0,17.0,青海省
218,218,218,2018-09-07T09:00:00Z,海南州,39.0,优,,17.0,15.0,32.0,25.0,0.8,0.7,18.0,14.0,72.0,111.0,77.0,77.0,10.0,9.0,青海省
219,219,219,2018-09-07T09:00:00Z,海口,23.0,优,,13.0,11.0,22.0,24.0,0.54,0.5,14.0,12.0,32.0,81.0,30.0,38.0,3.0,4.0,海南省
220,220,220,2018-09-07T09:00:00Z,海西州,39.0,优,,6.0,9.0,13.0,21.0,0.6,0.6,6.0,8.0,73.0,105.0,76.0,83.0,16.0,17.0,青海省
221,221,221,2018-09-07T09:00:00Z,海门,53.0,良,颗粒物(PM10),34.0,37.0,53.0,57.0,0.75,0.75,19.0,13.0,56.0,186.0,65.0,84.0,11.0,12.0,江苏省
222,222,222,2018-09-07T09:00:00Z,淄博,55.0,良,颗粒物(PM10),18.0,19.0,58.0,72.0,0.98,0.82,30.0,26.0,39.0,180.0,29.0,47.0,32.0,15.0,山东省
223,223,223,2018-09-07T09:00:00Z,淮北,42.0,优,,13.0,27.0,41.0,55.0,0.5329999999999999,0.633,24.0,19.0,39.0,156.0,49.0,93.0,14.0,13.0,安徽省
224,224,224,2018-09-07T09:00:00Z,淮南,58.0,良,颗粒物(PM10),15.0,34.0,63.0,61.0,0.35,0.5329999999999999,18.0,18.0,42.0,125.0,52.0,69.0,13.0,12.0,安徽省
225,225,225,2018-09-07T09:00:00Z,淮安,76.0,良,颗粒物(PM10),34.0,49.0,100.0,66.0,0.8,0.72,28.0,24.0,52.0,136.0,55.0,78.0,9.0,7.0,江苏省
226,226,226,2018-09-07T09:00:00Z,深圳,46.0,优,,29.0,29.0,45.0,44.0,0.677,0.638,29.0,24.0,52.0,118.0,41.0,54.0,7.0,7.0,广东省
227,227,227,2018-09-07T09:00:00Z,清远,35.0,优,,22.0,26.0,34.0,39.0,0.967,0.7,30.0,25.0,23.0,157.0,25.0,49.0,11.0,8.0,广东省
228,228,228,2018-09-07T09:00:00Z,温州,63.0,良,颗粒物(PM10),41.0,31.0,74.0,55.0,0.925,0.725,40.0,30.0,16.0,131.0,8.0,17.0,9.0,7.0,浙江省
229,229,229,2018-09-07T09:00:00Z,渭南,64.0,良,颗粒物(PM10),12.0,25.0,75.0,99.0,0.325,0.475,28.0,42.0,38.0,140.0,29.0,36.0,4.0,5.0,陕西省
230,230,230,2018-09-07T09:00:00Z,湖州,82.0,良,颗粒物(PM2.5),60.0,71.0,81.0,106.0,1.154,1.151,53.0,48.0,43.0,197.0,55.0,84.0,18.0,22.0,浙江省
231,231,231,2018-09-07T09:00:00Z,湘潭,41.0,优,,24.0,25.0,40.0,46.0,0.7290000000000001,0.7290000000000001,17.0,11.0,49.0,118.0,75.0,85.0,10.0,7.0,湖南省
232,232,232,2018-09-07T09:00:00Z,湘西州,28.0,优,,16.0,26.0,27.0,42.0,1.4,1.4,18.0,9.0,16.0,83.0,26.0,34.0,3.0,2.0,湖南省
233,233,233,2018-09-07T09:00:00Z,湛江,19.0,优,,13.0,12.0,16.0,24.0,0.5,0.45,14.0,14.0,44.0,87.0,31.0,39.0,5.0,7.0,广东省
234,234,234,2018-09-07T09:00:00Z,溧阳,58.0,良,颗粒物(PM2.5),40.0,46.0,54.0,63.0,1.3,0.95,29.0,27.0,56.0,186.0,61.0,112.0,8.0,8.0,江苏省
235,235,235,2018-09-07T09:00:00Z,滁州,66.0,良,颗粒物(PM10),37.0,31.0,80.0,54.0,0.7,0.667,25.0,20.0,56.0,132.0,69.0,107.0,8.0,7.0,安徽省
236,236,236,2018-09-07T09:00:00Z,滨州,42.0,优,,11.0,13.0,41.0,55.0,1.0,0.633,29.0,18.0,37.0,160.0,33.0,51.0,13.0,11.0,山东省
237,237,237,2018-09-07T09:00:00Z,漯河,56.0,良,颗粒物(PM10),13.0,23.0,59.0,84.0,0.4,0.4,27.0,26.0,48.0,159.0,54.0,64.0,12.0,12.0,河南省
238,238,238,2018-09-07T09:00:00Z,漳州,33.0,优,,19.0,27.0,32.0,45.0,0.667,0.6,26.0,16.0,43.0,116.0,44.0,50.0,14.0,6.0,福建省
239,239,239,2018-09-07T09:00:00Z,潍坊,61.0,良,颗粒物(PM10),23.0,20.0,69.0,83.0,0.75,0.6,35.0,30.0,50.0,208.0,21.0,43.0,22.0,18.0,山东省
240,240,240,2018-09-07T09:00:00Z,潮州,48.0,优,,33.0,31.0,47.0,48.0,1.067,0.9,13.0,12.0,56.0,147.0,38.0,41.0,13.0,9.0,广东省
241,241,241,2018-09-07T09:00:00Z,濮阳,49.0,优,,9.0,13.0,48.0,66.0,0.775,0.7,20.0,20.0,51.0,202.0,41.0,58.0,19.0,16.0,河南省
242,242,242,2018-09-07T09:00:00Z,烟台,39.0,优,,7.0,14.0,23.0,63.0,0.16,0.25,8.0,12.0,69.0,184.0,76.0,97.0,5.0,11.0,山东省
243,243,243,2018-09-07T09:00:00Z,焦作,44.0,优,,23.0,27.0,43.0,60.0,0.5329999999999999,0.467,18.0,18.0,81.0,129.0,81.0,87.0,10.0,7.0,河南省
244,244,244,2018-09-07T09:00:00Z,牡丹江,22.0,优,,14.0,13.0,21.0,22.0,0.26,0.3,7.0,10.0,42.0,87.0,42.0,83.0,2.0,2.0,黑龙江省
245,245,245,2018-09-07T09:00:00Z,玉林,35.0,优,,21.0,22.0,34.0,47.0,0.9,0.767,21.0,17.0,19.0,89.0,13.0,17.0,22.0,16.0,广西壮族自治区
246,246,246,2018-09-07T09:00:00Z,玉树州,28.0,优,,7.0,5.0,12.0,9.0,0.8,0.6,31.0,11.0,31.0,98.0,55.0,66.0,8.0,7.0,青海省
247,247,247,2018-09-07T09:00:00Z,玉溪,25.0,优,,17.0,18.0,0.0,31.0,0.633,1.1,13.0,16.0,43.0,94.0,22.0,22.0,6.0,6.0,云南省
248,248,248,2018-09-07T09:00:00Z,珠海,49.0,优,,34.0,14.0,40.0,24.0,0.667,0.575,27.0,18.0,39.0,105.0,25.0,54.0,4.0,3.0,广东省
249,249,249,2018-09-07T09:00:00Z,瓦房店,28.0,优,,7.0,19.0,26.0,43.0,0.2,0.35,15.0,15.0,50.0,177.0,54.0,64.0,5.0,5.0,辽宁省
250,250,250,2018-09-07T09:00:00Z,甘南州,55.0,良,颗粒物(PM10),21.0,18.0,57.0,39.0,0.7,0.5,27.0,13.0,51.0,155.0,79.0,99.0,13.0,11.0,甘南州
251,251,251,2018-09-07T09:00:00Z,甘孜州,37.0,优,,19.0,13.0,25.0,19.0,0.5,0.3,27.0,9.0,51.0,106.0,73.0,87.0,8.0,11.0,四川省
252,252,252,2017-06-16T17:00:00Z,甘孜藏族自治州,51.0,良,颗粒物(PM10),19.0,14.0,50.0,27.0,0.4,0.5,9.0,19.0,47.0,47.0,41.0,47.0,5.0,8.0,四川省
253,253,253,2018-09-07T09:00:00Z,白城,31.0,优,,17.0,16.0,30.0,25.0,0.25,0.3,6.0,9.0,48.0,77.0,39.0,54.0,5.0,4.0,吉林省
254,254,254,2018-09-07T09:00:00Z,白山,24.0,优,,10.0,11.0,21.0,27.0,0.65,0.85,8.0,14.0,54.0,78.0,46.0,64.0,6.0,7.0,吉林省
255,255,255,2018-09-07T09:00:00Z,白银,41.0,优,,14.0,13.0,39.0,46.0,1.3,0.6,25.0,17.0,49.0,84.0,42.0,42.0,122.0,24.0,甘肃省
256,256,256,2018-09-07T09:00:00Z,百色,30.0,优,,18.0,29.0,29.0,51.0,0.9,0.9,15.0,17.0,33.0,125.0,36.0,36.0,6.0,13.0,广西壮族自治区
257,257,257,2018-09-07T09:00:00Z,益阳,46.0,优,,19.0,18.0,45.0,35.0,0.86,0.92,16.0,11.0,42.0,106.0,52.0,60.0,9.0,8.0,湖南省
258,258,258,2018-09-07T09:00:00Z,盐城,58.0,良,颗粒物(PM10),28.0,35.0,64.0,57.0,0.74,0.84,18.0,19.0,70.0,125.0,76.0,85.0,10.0,11.0,江苏省
259,259,259,2018-09-07T09:00:00Z,盘锦,18.0,优,,4.0,12.0,17.0,25.0,0.4,0.5670000000000001,17.0,25.0,52.0,91.0,30.0,31.0,9.0,15.0,辽宁省
260,260,260,2018-09-07T09:00:00Z,眉山,34.0,优,,18.0,14.0,33.0,27.0,0.525,0.5,18.0,24.0,35.0,96.0,15.0,17.0,7.0,10.0,四川省
261,261,261,2018-09-07T09:00:00Z,石嘴山,33.0,优,,11.0,9.0,32.0,36.0,0.6,0.333,18.0,16.0,30.0,73.0,26.0,44.0,18.0,10.0,宁夏回族自治区
262,262,262,2018-09-07T09:00:00Z,石家庄,40.0,优,,18.0,17.0,39.0,56.0,0.413,0.275,22.0,17.0,40.0,95.0,38.0,47.0,11.0,8.0,河北省
263,263,263,2018-09-07T09:00:00Z,石河子,54.0,良,颗粒物(PM10),20.0,31.0,55.0,71.0,0.8,0.8,60.0,35.0,14.0,143.0,62.0,82.0,7.0,21.0,新疆维吾尔自治区
264,264,264,2018-09-07T09:00:00Z,福州,57.0,良,颗粒物(PM10),28.0,22.0,62.0,45.0,0.6,0.517,24.0,18.0,34.0,142.0,24.0,42.0,5.0,5.0,福建省
265,265,265,2018-09-07T09:00:00Z,秦皇岛,17.0,优,,6.0,12.0,16.0,33.0,0.32,0.42,20.0,26.0,48.0,116.0,33.0,44.0,8.0,12.0,河北省
266,266,266,2018-09-07T09:00:00Z,章丘,55.0,良,颗粒物(PM10),10.0,17.0,58.0,82.0,0.5,0.55,28.0,28.0,33.0,169.0,15.0,17.0,18.0,17.0,山东省
267,267,267,2018-09-07T09:00:00Z,红河州,25.0,优,,7.0,10.0,24.0,20.0,0.5,0.5,17.0,9.0,32.0,88.0,37.0,39.0,12.0,13.0,云南省
268,268,268,2018-09-07T09:00:00Z,绍兴,69.0,良,颗粒物(PM10),30.0,51.0,86.0,77.0,0.767,0.878,20.0,19.0,90.0,170.0,98.0,101.0,6.0,8.0,浙江省
269,269,269,2018-09-07T09:00:00Z,绥化,15.0,优,,10.0,12.0,9.0,15.0,0.35,0.4,4.0,5.0,35.0,37.0,26.0,28.0,5.0,5.0,黑龙江省
270,270,270,2018-09-07T09:00:00Z,绵阳,40.0,优,,22.0,28.0,39.0,48.0,0.55,0.675,17.0,32.0,39.0,108.0,25.0,28.0,5.0,6.0,四川省
271,271,271,2018-09-07T09:00:00Z,聊城,48.0,优,,9.0,13.0,47.0,77.0,0.5,0.433,25.0,23.0,47.0,174.0,40.0,54.0,9.0,9.0,山东省
272,272,272,2018-09-07T09:00:00Z,肇庆,34.0,优,,23.0,34.0,33.0,52.0,0.875,0.775,25.0,29.0,49.0,256.0,49.0,75.0,8.0,10.0,广东省
273,273,273,2018-09-07T09:00:00Z,胶南,58.0,良,颗粒物(PM10),20.0,27.0,63.0,69.0,0.75,0.6,33.0,27.0,54.0,201.0,46.0,70.0,12.0,9.0,山东省
274,274,274,2018-09-07T09:00:00Z,胶州,65.0,良,颗粒物(PM10),24.0,33.0,78.0,81.0,0.65,0.55,31.0,34.0,58.0,195.0,30.0,55.0,15.0,11.0,山东省
275,275,275,2018-09-07T09:00:00Z,自贡,30.0,优,,19.0,21.0,29.0,35.0,0.475,0.375,36.0,30.0,38.0,106.0,34.0,35.0,8.0,9.0,四川省
276,276,276,2018-09-07T09:00:00Z,舟山,49.0,优,,26.0,29.0,44.0,50.0,0.833,0.8,15.0,12.0,103.0,176.0,96.0,113.0,5.0,5.0,浙江省
277,277,277,2018-09-07T09:00:00Z,芜湖,54.0,良,"颗粒物(PM2.5),颗粒物(PM10)",37.0,40.0,55.0,62.0,0.875,1.0,25.0,36.0,47.0,149.0,51.0,66.0,8.0,10.0,安徽省
278,278,278,2018-09-07T09:00:00Z,苏州,72.0,良,颗粒物(PM10),51.0,50.0,92.0,86.0,1.037,0.725,56.0,32.0,38.0,234.0,63.0,92.0,10.0,7.0,江苏省
279,279,279,2018-09-07T09:00:00Z,茂名,34.0,优,,16.0,16.0,33.0,31.0,0.875,0.525,14.0,11.0,45.0,93.0,44.0,52.0,12.0,10.0,广东省
280,280,280,2018-09-07T09:00:00Z,荆州,54.0,良,颗粒物(PM10),16.0,20.0,55.0,43.0,0.8,0.967,34.0,29.0,54.0,109.0,38.0,42.0,13.0,12.0,湖北省
281,281,281,2018-09-07T09:00:00Z,荆门,69.0,良,颗粒物(PM10),30.0,22.0,85.0,56.0,0.74,0.78,37.0,30.0,35.0,87.0,47.0,52.0,9.0,9.0,湖北省
282,282,282,2018-09-07T09:00:00Z,荣成,38.0,优,,13.0,26.0,24.0,48.0,0.4,0.8,13.0,17.0,78.0,225.0,75.0,79.0,7.0,11.0,山东省
283,283,283,2018-09-07T09:00:00Z,莆田,49.0,优,,32.0,28.0,48.0,46.0,0.66,0.58,15.0,12.0,56.0,134.0,34.0,47.0,15.0,9.0,福建省
284,284,284,2018-09-07T09:00:00Z,莱州,34.0,优,,8.0,13.0,32.0,50.0,0.65,0.8,13.0,15.0,80.0,210.0,66.0,79.0,7.0,8.0,山东省
285,285,285,2018-09-07T09:00:00Z,莱芜,42.0,优,,11.0,17.0,41.0,75.0,0.7,0.6,16.0,16.0,44.0,170.0,38.0,49.0,10.0,10.0,山东省
286,286,286,2018-09-07T09:00:00Z,莱西,42.0,优,,7.0,22.0,41.0,63.0,0.4,0.55,7.0,16.0,80.0,207.0,47.0,64.0,6.0,8.0,山东省
287,287,287,2018-09-07T09:00:00Z,菏泽,67.0,良,颗粒物(PM10),11.0,14.0,81.0,80.0,0.6,0.6,27.0,25.0,47.0,197.0,45.0,59.0,15.0,10.0,山东省
288,288,288,2018-09-07T09:00:00Z,萍乡,40.0,优,,23.0,32.0,39.0,58.0,0.64,0.82,11.0,11.0,95.0,185.0,61.0,71.0,6.0,12.0,江西省
289,289,289,2018-09-07T09:00:00Z,营口,26.0,优,,11.0,21.0,15.0,32.0,0.175,0.575,13.0,21.0,59.0,94.0,50.0,53.0,4.0,5.0,辽宁省
290,290,290,2018-09-07T09:00:00Z,葫芦岛,25.0,优,,4.0,9.0,24.0,27.0,0.4,0.525,14.0,21.0,50.0,81.0,36.0,44.0,9.0,15.0,辽宁省
291,291,291,2018-09-07T09:00:00Z,蓬莱,33.0,优,,8.0,21.0,26.0,49.0,0.5,0.65,6.0,10.0,58.0,184.0,65.0,79.0,8.0,7.0,山东省
292,292,292,2018-09-07T09:00:00Z,蚌埠,55.0,良,颗粒物(PM10),12.0,31.0,58.0,57.0,0.417,0.583,29.0,28.0,43.0,140.0,56.0,63.0,13.0,13.0,安徽省
293,293,293,2018-09-07T09:00:00Z,衡水,39.0,优,,12.0,19.0,38.0,61.0,0.5329999999999999,0.3670000000000001,16.0,20.0,47.0,123.0,41.0,57.0,10.0,9.0,河北省
294,294,294,2018-09-07T09:00:00Z,衡阳,39.0,优,,19.0,31.0,33.0,54.0,0.7170000000000001,0.8170000000000001,14.0,13.0,76.0,128.0,76.0,78.0,12.0,10.0,湖南省
295,295,295,2018-09-07T09:00:00Z,衢州,83.0,良,颗粒物(PM10),58.0,41.0,114.0,77.0,0.933,0.8,52.0,33.0,37.0,165.0,33.0,54.0,23.0,11.0,浙江省
296,296,296,2018-09-07T09:00:00Z,襄阳,49.0,优,,10.0,13.0,48.0,39.0,0.575,0.6,37.0,23.0,44.0,92.0,45.0,59.0,12.0,13.0,湖北省
297,297,297,2018-09-07T09:00:00Z,西双版纳州,43.0,优,,15.0,11.0,42.0,27.0,0.75,0.55,11.0,11.0,5.0,58.0,4.0,5.0,6.0,6.0,云南省
298,298,298,2018-09-07T09:00:00Z,西宁,53.0,良,颗粒物(PM10),14.0,18.0,53.0,46.0,0.95,0.775,24.0,24.0,27.0,95.0,42.0,62.0,10.0,11.0,青海省
299,299,299,2018-09-07T09:00:00Z,西安,47.0,优,,10.0,22.0,46.0,74.0,0.625,0.767,36.0,44.0,31.0,107.0,21.0,23.0,9.0,9.0,陕西省
300,300,300,2018-09-07T09:00:00Z,许昌,76.0,良,颗粒物(PM10),23.0,19.0,100.0,81.0,0.9,0.833,37.0,30.0,41.0,146.0,37.0,63.0,18.0,13.0,河南省
301,301,301,2018-09-07T09:00:00Z,诸暨,77.0,良,臭氧8小时,20.0,57.0,19.0,87.0,0.9,1.0,15.0,15.0,116.0,205.0,131.0,176.0,5.0,8.0,浙江省
302,302,302,2018-09-07T09:00:00Z,贵港,52.0,良,颗粒物(PM10),29.0,23.0,51.0,43.0,0.85,0.65,20.0,14.0,35.0,110.0,36.0,38.0,17.0,10.0,广西壮族自治区
303,303,303,2018-09-07T09:00:00Z,贵阳,45.0,优,,14.0,16.0,26.0,33.0,0.4,0.43,13.0,11.0,80.0,98.0,88.0,90.0,5.0,4.0,贵州省
304,304,304,2018-09-07T09:00:00Z,贺州,51.0,良,颗粒物(PM10),29.0,30.0,50.0,46.0,1.0,0.7,16.0,15.0,16.0,93.0,11.0,27.0,41.0,27.0,广西壮族自治区
305,305,305,2018-09-07T09:00:00Z,资阳,28.0,优,,13.0,15.0,27.0,27.0,0.42,0.42,17.0,17.0,67.0,97.0,53.0,53.0,5.0,6.0,四川省
306,306,306,2018-09-07T09:00:00Z,赣州,31.0,优,,17.0,22.0,24.0,37.0,1.04,1.02,13.0,11.0,65.0,150.0,61.0,64.0,10.0,7.0,江西省
307,307,307,2018-09-07T09:00:00Z,赤峰,30.0,优,,7.0,6.0,29.0,21.0,0.375,0.225,15.0,16.0,37.0,61.0,32.0,45.0,6.0,6.0,内蒙古自治区
308,308,308,2018-09-07T09:00:00Z,辽源,20.0,优,,11.0,11.0,13.0,16.0,0.75,0.85,11.0,12.0,46.0,105.0,38.0,53.0,5.0,6.0,吉林省
309,309,309,2018-09-07T09:00:00Z,辽阳,17.0,优,,9.0,15.0,16.0,30.0,0.375,0.65,10.0,19.0,33.0,66.0,15.0,18.0,9.0,8.0,辽宁省
310,310,310,2018-09-07T09:00:00Z,达州,45.0,优,,12.0,9.0,18.0,13.0,0.5,0.32,42.0,22.0,54.0,154.0,88.0,108.0,8.0,6.0,四川省
311,311,311,2018-09-07T09:00:00Z,运城,36.0,优,,15.0,13.0,35.0,47.0,0.72,0.62,15.0,15.0,42.0,123.0,44.0,59.0,13.0,9.0,山西省
312,312,312,2018-09-07T09:00:00Z,连云港,49.0,优,,18.0,27.0,48.0,43.0,0.74,0.62,26.0,21.0,53.0,137.0,59.0,76.0,16.0,14.0,江苏省
313,313,313,2018-09-07T09:00:00Z,迪庆州,20.0,优,,14.0,12.0,18.0,21.0,0.85,0.65,11.0,6.0,18.0,62.0,29.0,44.0,11.0,8.0,西藏自治区
314,314,314,2018-09-07T09:00:00Z,通化,25.0,优,,12.0,8.0,19.0,19.0,0.85,0.75,13.0,16.0,47.0,79.0,49.0,76.0,8.0,5.0,吉林省
315,315,315,2018-09-07T09:00:00Z,通辽,31.0,优,,9.0,14.0,30.0,33.0,0.3,0.233,9.0,9.0,47.0,69.0,47.0,50.0,6.0,6.0,内蒙古自治区
316,316,316,2018-09-07T09:00:00Z,遂宁,40.0,优,,6.0,13.0,13.0,22.0,0.275,0.3,16.0,15.0,69.0,87.0,79.0,79.0,7.0,7.0,四川省
317,317,317,2018-09-07T09:00:00Z,遵义,44.0,优,,12.0,12.0,25.0,24.0,0.467,0.433,13.0,8.0,72.0,96.0,87.0,93.0,5.0,6.0,贵州省
318,318,318,2018-09-07T09:00:00Z,邢台,28.0,优,,11.0,14.0,27.0,54.0,0.35,0.35,15.0,18.0,52.0,115.0,44.0,45.0,3.0,5.0,河北省
319,319,319,2018-09-07T09:00:00Z,那曲地区,74.0,良,颗粒物(PM10),28.0,21.0,95.0,40.0,0.733,0.9,11.0,7.0,38.0,64.0,47.0,51.0,4.0,4.0,西藏自治区
320,320,320,2018-09-07T09:00:00Z,邯郸,37.0,优,,8.0,12.0,36.0,68.0,0.625,0.525,21.0,20.0,50.0,125.0,49.0,50.0,12.0,13.0,河北省
321,321,321,2018-09-07T09:00:00Z,邵阳,41.0,优,,19.0,34.0,37.0,50.0,0.64,0.84,13.0,10.0,80.0,115.0,80.0,86.0,11.0,10.0,湖南省
322,322,322,2018-09-07T09:00:00Z,郑州,58.0,良,颗粒物(PM10),15.0,17.0,63.0,73.0,0.7440000000000001,0.589,38.0,32.0,34.0,142.0,29.0,46.0,14.0,10.0,河南省
323,323,323,2018-09-07T09:00:00Z,郴州,59.0,良,颗粒物(PM10),31.0,16.0,66.0,39.0,1.38,1.42,17.0,16.0,58.0,80.0,56.0,56.0,7.0,15.0,湖南省
324,324,324,2018-09-07T09:00:00Z,鄂尔多斯,19.0,优,,5.0,4.0,15.0,23.0,0.6,0.5,14.0,9.0,41.0,64.0,37.0,41.0,7.0,5.0,内蒙古自治区
325,325,325,2018-09-07T09:00:00Z,鄂州,60.0,良,颗粒物(PM10),24.0,40.0,68.0,64.0,0.733,1.1,18.0,23.0,54.0,87.0,40.0,45.0,4.0,7.0,湖北省
326,326,326,2018-09-07T09:00:00Z,酒泉,53.0,良,颗粒物(PM10),12.0,11.0,53.0,40.0,0.75,0.4,36.0,19.0,25.0,77.0,37.0,56.0,9.0,7.0,甘肃省
327,327,327,2018-09-07T09:00:00Z,重庆,28.0,优,,16.0,17.0,24.0,26.0,0.512,0.5,22.0,20.0,59.0,71.0,55.0,56.0,4.0,4.0,重庆
328,328,328,2018-09-07T09:00:00Z,金华,71.0,良,颗粒物(PM2.5),51.0,52.0,76.0,78.0,0.9,0.733,21.0,21.0,89.0,179.0,122.0,129.0,7.0,9.0,浙江省
329,329,329,2018-09-07T09:00:00Z,金坛,61.0,良,颗粒物(PM2.5),43.0,45.0,56.0,64.0,1.15,1.1,41.0,36.0,57.0,252.0,64.0,86.0,40.0,28.0,江苏省
330,330,330,2018-09-07T09:00:00Z,金昌,31.0,优,,5.0,6.0,30.0,32.0,0.433,0.267,20.0,12.0,37.0,84.0,44.0,54.0,23.0,6.0,甘肃省
331,331,331,2018-09-07T09:00:00Z,钦州,30.0,优,,18.0,13.0,29.0,28.0,0.833,0.767,14.0,14.0,35.0,86.0,24.0,33.0,29.0,13.0,广西壮族自治区
332,332,332,2018-09-07T09:00:00Z,铁岭,55.0,良,颗粒物(PM10),21.0,19.0,57.0,35.0,0.5670000000000001,0.733,16.0,24.0,22.0,78.0,8.0,14.0,7.0,7.0,辽宁省
333,333,333,2018-09-07T09:00:00Z,铜仁地区,42.0,优,,10.0,11.0,16.0,39.0,0.4,0.4,14.0,5.0,62.0,117.0,83.0,103.0,2.0,2.0,贵州省
334,334,334,2018-09-07T09:00:00Z,铜川,34.0,优,,9.0,20.0,33.0,75.0,0.675,0.75,20.0,23.0,48.0,117.0,46.0,51.0,12.0,12.0,陕西省
335,335,335,2018-09-07T09:00:00Z,铜陵,56.0,良,"颗粒物(PM2.5),颗粒物(PM10)",39.0,42.0,60.0,68.0,0.7,0.833,20.0,25.0,38.0,144.0,47.0,57.0,13.0,15.0,安徽省
336,336,336,2018-09-07T09:00:00Z,银川,71.0,良,颗粒物(PM10),28.0,21.0,90.0,52.0,0.743,0.529,31.0,24.0,25.0,82.0,20.0,27.0,20.0,19.0,宁夏回族自治区
337,337,337,2018-09-07T09:00:00Z,锡林郭勒盟,15.0,优,,8.0,7.0,14.0,22.0,0.35,0.3,10.0,12.0,40.0,77.0,28.0,33.0,13.0,12.0,内蒙古自治区
338,338,338,2018-09-07T09:00:00Z,锦州,24.0,优,,5.0,11.0,23.0,33.0,0.44,0.5,13.0,20.0,52.0,90.0,43.0,46.0,15.0,17.0,辽宁省
339,339,339,2018-09-07T09:00:00Z,镇江,67.0,良,颗粒物(PM2.5),48.0,54.0,72.0,79.0,0.85,0.925,31.0,38.0,40.0,157.0,47.0,60.0,7.0,11.0,江苏省
340,340,340,2018-09-07T09:00:00Z,长春,23.0,优,,6.0,8.0,22.0,23.0,0.43,0.48,16.0,21.0,40.0,69.0,22.0,23.0,4.0,4.0,吉林省
341,341,341,2018-09-07T09:00:00Z,长沙,46.0,优,,24.0,30.0,45.0,48.0,0.7,0.71,17.0,12.0,60.0,127.0,74.0,94.0,9.0,7.0,湖南省
342,342,342,2018-09-07T09:00:00Z,长治,41.0,优,,15.0,15.0,40.0,54.0,0.94,0.62,21.0,16.0,48.0,127.0,37.0,52.0,21.0,10.0,山西省
343,343,343,2018-09-07T09:00:00Z,阜新,23.0,优,,4.0,9.0,16.0,26.0,0.275,0.25,13.0,18.0,55.0,77.0,44.0,44.0,5.0,7.0,辽宁省
344,344,344,2018-09-07T09:00:00Z,阜阳,50.0,优,颗粒物(PM10),11.0,22.0,49.0,53.0,0.45,0.467,16.0,16.0,44.0,131.0,54.0,64.0,7.0,6.0,安徽省
345,345,345,2018-09-07T09:00:00Z,防城港,37.0,优,,16.0,11.0,36.0,25.0,1.167,0.7,14.0,11.0,16.0,61.0,14.0,22.0,7.0,7.0,广西壮族自治区
346,346,346,2018-09-07T09:00:00Z,阳江,49.0,优,,21.0,17.0,48.0,35.0,1.233,0.633,27.0,17.0,51.0,110.0,31.0,35.0,8.0,8.0,广东省
347,347,347,2018-09-07T09:00:00Z,阳泉,36.0,优,,16.0,19.0,35.0,46.0,0.383,0.3670000000000001,17.0,20.0,43.0,95.0,35.0,46.0,6.0,7.0,山西省
348,348,348,2018-09-07T09:00:00Z,阿克苏地区,99.0,良,颗粒物(PM10),60.0,40.0,146.0,96.0,0.55,0.5,6.0,6.0,82.0,100.0,83.0,83.0,4.0,4.0,新疆维吾尔自治区
349,349,349,2018-09-07T09:00:00Z,阿勒泰地区,33.0,优,,4.0,5.0,32.0,22.0,0.35,0.45,9.0,5.0,49.0,72.0,56.0,58.0,10.0,9.0,新疆维吾尔自治区
350,350,350,2018-09-07T09:00:00Z,阿坝州,16.0,优,,8.0,9.0,13.0,13.0,0.5329999999999999,0.433,12.0,5.0,37.0,88.0,30.0,30.0,4.0,5.0,四川省
351,351,351,2018-09-07T09:00:00Z,阿拉善盟,36.0,优,,13.0,17.0,27.0,33.0,0.5,0.3670000000000001,6.0,4.0,74.0,85.0,70.0,70.0,7.0,7.0,内蒙古自治区
352,352,352,2018-09-07T09:00:00Z,阿里地区,37.0,优,,5.0,5.0,10.0,13.0,0.4,0.35,7.0,5.0,54.0,94.0,73.0,75.0,3.0,4.0,西藏自治区
353,353,353,2018-09-07T09:00:00Z,陇南,40.0,优,,19.0,18.0,39.0,33.0,0.3,0.25,31.0,20.0,27.0,99.0,27.0,31.0,10.0,13.0,甘肃省
354,354,354,2018-09-07T09:00:00Z,随州,42.0,优,,13.0,13.0,41.0,28.0,0.633,0.633,14.0,10.0,54.0,105.0,53.0,54.0,7.0,5.0,湖北省
355,355,355,2018-09-07T09:00:00Z,雅安,28.0,优,,10.0,10.0,19.0,20.0,0.3,0.275,13.0,10.0,42.0,84.0,54.0,57.0,16.0,15.0,四川省
356,356,356,2018-09-07T09:00:00Z,青岛,59.0,良,颗粒物(PM10),18.0,21.0,65.0,65.0,0.713,0.612,36.0,28.0,39.0,179.0,36.0,56.0,10.0,8.0,山东省
357,357,357,2018-09-07T09:00:00Z,鞍山,24.0,优,,10.0,17.0,23.0,34.0,1.643,1.3,28.0,28.0,37.0,83.0,20.0,25.0,22.0,9.0,辽宁省
358,358,358,2018-09-07T09:00:00Z,韶关,37.0,优,,21.0,23.0,36.0,42.0,1.1,0.96,25.0,22.0,24.0,158.0,14.0,33.0,12.0,10.0,广东省
359,359,359,2018-09-07T09:00:00Z,马鞍山,65.0,良,颗粒物(PM10),44.0,45.0,77.0,77.0,1.62,1.42,35.0,37.0,26.0,125.0,42.0,55.0,29.0,25.0,安徽省
360,360,360,2018-09-07T09:00:00Z,驻马店,51.0,良,颗粒物(PM10),15.0,22.0,50.0,47.0,0.4,0.3670000000000001,22.0,19.0,51.0,128.0,57.0,73.0,15.0,13.0,河南省
361,361,361,2018-09-07T09:00:00Z,鸡西,19.0,优,,10.0,11.0,15.0,21.0,0.375,0.375,7.0,7.0,27.0,72.0,36.0,61.0,3.0,2.0,黑龙江省
362,362,362,2018-09-07T09:00:00Z,鹤壁,26.0,优,,10.0,18.0,25.0,54.0,0.5,0.6,16.0,25.0,63.0,183.0,41.0,45.0,6.0,11.0,河南省
363,363,363,2018-09-07T09:00:00Z,鹤岗,14.0,优,,8.0,10.0,13.0,19.0,0.35,0.375,5.0,5.0,34.0,48.0,20.0,22.0,7.0,7.0,黑龙江省
364,364,364,2018-09-07T09:00:00Z,鹰潭,75.0,良,颗粒物(PM2.5),54.0,43.0,57.0,67.0,0.75,0.6,8.0,8.0,85.0,172.0,99.0,112.0,9.0,12.0,江西省
365,365,365,2018-09-07T09:00:00Z,黄冈,62.0,良,颗粒物(PM10),25.0,39.0,72.0,69.0,0.75,1.0,14.0,17.0,56.0,95.0,44.0,44.0,6.0,5.0,湖北省
366,366,366,2018-09-07T09:00:00Z,黄南州,38.0,优,,18.0,17.0,37.0,41.0,1.2,0.9,22.0,11.0,49.0,95.0,61.0,85.0,12.0,12.0,青海省
367,367,367,2018-09-07T09:00:00Z,黄山,39.0,优,,10.0,34.0,24.0,63.0,0.667,0.833,12.0,13.0,71.0,119.0,77.0,83.0,9.0,11.0,安徽省
368,368,368,2018-09-07T09:00:00Z,黄石,58.0,良,颗粒物(PM10),34.0,46.0,63.0,68.0,0.883,1.317,23.0,31.0,54.0,96.0,39.0,44.0,8.0,12.0,湖北省
369,369,369,2018-09-07T09:00:00Z,黑河,23.0,优,,7.0,7.0,22.0,22.0,0.433,0.467,8.0,7.0,38.0,42.0,39.0,41.0,9.0,7.0,黑龙江省
370,370,370,2018-09-07T09:00:00Z,黔东南州,30.0,优,,9.0,12.0,12.0,18.0,0.65,0.65,19.0,10.0,60.0,72.0,58.0,58.0,5.0,5.0,贵州省
371,371,371,2018-09-07T09:00:00Z,黔南州,33.0,优,,11.0,11.0,18.0,20.0,0.6,0.5,7.0,6.0,66.0,87.0,65.0,68.0,52.0,14.0,贵州省
372,372,372,2018-09-07T09:00:00Z,黔西南州,24.0,优,,9.0,10.0,18.0,22.0,0.7,0.75,11.0,9.0,63.0,67.0,47.0,50.0,9.0,7.0,贵州省
373,373,373,2018-09-07T09:00:00Z,齐齐哈尔,35.0,优,,16.0,9.0,34.0,25.0,0.36,0.32,12.0,8.0,28.0,62.0,28.0,39.0,5.0,4.0,黑龙江省
374,374,374,2018-09-07T09:00:00Z,龙岩,49.0,优,,34.0,17.0,46.0,39.0,0.925,0.625,20.0,18.0,33.0,102.0,28.0,31.0,15.0,8.0,福建省
